text,binary,multiclass
Sería bueno si MissGuided realmente tuviera existencias por una vez'������������,Hope,Sarcasm
Encuéntrame un tiroteo masivo en Utah donde el transporte oculto en el campus es legal.,Not Hope,Sarcasm
"Oh, me encantan los juegos de semántica, la viabilidad ahora es de alrededor de 23-25 ​​semanas de gestación y realmente se basa en el peso más de la edad. ",Not Hope,Sarcasm
"Entonces, tu respuesta a la pregunta es ""nada"", ¿Marc?",Not Hope,Sarcasm
"Claramente, no te importa, porque si lo hicieras, tendrías que admitir que estabas equivocado. ",Not Hope,Sarcasm
@Ponos_en muy agradable. ,Hope,Sarcasm
¿Por qué no puedes conducir un tanque? ,Not Hope,Sarcasm
Pueden rechazar cualquier ceremonia que deseen. ,Not Hope,Sarcasm
"Eso es bastante divertido.
",Not Hope,Sarcasm
¿Quién está listo para las tormentas monzónicas de fin de semana?!?!,Hope,Sarcasm
Solíamos burlarnos de los hombres ricos por usar 3in1 resulta que nunca usaban nada en absoluto `` '',Not Hope,Sarcasm
exactamente. ,Not Hope,Sarcasm
Dios tiene emociones wow. ,Not Hope,Sarcasm
Lo que sea que suenas como un gobierno oficial ahora ¿Por qué tantas preguntas? ,Not Hope,Sarcasm
"Esa es la diferencia entre liberales y conservadores (también conocidos como ""estadounidenses reales). Los conservadores tienen sentido del humor. Los liberales no.",Not Hope,Sarcasm
Si tan solo Ann Coulter pudiera informar un pastel lanzando al administrador como un pequeño bebé malcriado. ,Hope,Sarcasm
¿Entonces rezo al azar todas las noches antes de irme a la cama?,Hope,Sarcasm
"Entonces, veamos, se refirió a cómo se aplicó la 1ª Enmienda a los Estados, publicó la Cláusula de Privilegios e Inmunidades de la 14ª Enmienda y luego me preguntó si pensaba que algo no estaba claro. ",Not Hope,Sarcasm
"Entonces, no hay argumento de respuesta, entonces. ",Not Hope,Sarcasm
"Oh querido.
",Not Hope,Sarcasm
Lectura selectiva ¿eh? ,Not Hope,Sarcasm
"Las matemáticas también son confusas, no significa que debamos deshacernos de ello.",Not Hope,Sarcasm
"Con usted es bastante fácil, solo suponemos que todo es BS, funciona cada vez.",Hope,Sarcasm
"Um, Bassman, entonces tú, la única persona en el mundo que es tan ""pura como la nieve impulsada por el viento"", es la que puede juzgar a los demás, incluidos los demócratas. ",Not Hope,Sarcasm
¿Leíste siquiera Ythe OP? ,Not Hope,Sarcasm
¿Qué tal esta explicación? Estás leyendo demasiado en tu preciosa Biblia.,Not Hope,Sarcasm
"Eso es bastante divertido, vender de ti. ",Not Hope,Sarcasm
Tan raro cómo Venmo no me ha venido.,Not Hope,Sarcasm
"De acuerdo, y el vehículo en el que viajarán será el Prosperity Express. :)",Hope,Sarcasm
"Es muy claro para mí ahora que eres demasiado estúpido para entender mi punto, o eres demasiado pollo para abordarlo.
",Not Hope,Sarcasm
mal de nuevo !! ,Not Hope,Sarcasm
"Me estás tirando de la pierna, ¿verdad? ",Not Hope,Sarcasm
Debo ser bendecido de estar rodeado por tantos carteles con una línea directa a Dios para que sepan quién es salvado o en el infierno. ,Not Hope,Sarcasm
Buena idea ... excepto que realmente no tenemos que elegirlo para ninguna publicación ... solo envíelo allí. ,Hope,Sarcasm
"Ahí está la OTAN, ha justificado una solución final para el ""problema mexicano"". ",Not Hope,Sarcasm
"Me encanta cómo lo que sientes ""personalmente"" está en conflicto directo con los estudios acedémicos. ",Not Hope,Sarcasm
Hola Hydra - - ¿Sabes lo que me parece increíble? ,Hope,Sarcasm
"Debes estar pensando en la física ... Lo último que miré, los biólogos no estaban tratando de explicar la creación del universo. ",Not Hope,Sarcasm
"Me encanta cómo BITM puede comenzar todos estos nuevos hilos que irónicamente, dicen lo mismo una y otra vez, pero de alguna manera cuando se le presiona para hacer una copia de seguridad de sus propias posiciones de política, continuamente huye los hilos. ",Hope,Sarcasm
Lo que sea. ,Not Hope,Sarcasm
"Es bueno ver que algunas organizaciones patrimoniales están haciendo lo correcto y poniendo la seguridad de su personal, visitantes y voluntarios primero. ",Hope,Sarcasm
"Y aquí está, corregido para eliminar ese pequeño toque de sensacionalismo que cree que es necesario para aumentar el apoyo a su causa.",Not Hope,Sarcasm
"Vaya, buena respuesta. ",Not Hope,Sarcasm
"No, ss. ",Not Hope,Sarcasm
Es tan genial que haya tomado medicamentos para el dolor y me duele la espalda y me duele �����������������������,Not Hope,Sarcasm
¿Más de 400 días de no hacer nada excepto un intento débilmente fallido de rescatar a los rehenes en una campana? ,Not Hope,Sarcasm
Sería bueno si mi cuerpo me dejara dormir ...,Hope,Sarcasm
"Bien, asociarte con él. ",Not Hope,Sarcasm
"Supongo que ahora las cosas fundamentales deberían darle justificación a las afirmaciones que no han hecho.
",Not Hope,Sarcasm
"Eres fantástico para ser un fanático.
",Not Hope,Sarcasm
"Entonces, entonces sientes que lo que hiciste fue un pecado. ",Hope,Sarcasm
"Es la primera vez que te veo bajo esa luz, y tampoco me gusta, estoy realmente sorprendido de tu postura sobre esta. ",Not Hope,Sarcasm
"Entonces, el diente que dio lugar al hombre de Nebraska fue evidencia, evidencia de qué, un diente.   ",Not Hope,Sarcasm
"Ah, entonces, cuando presiono para buretas para mis clases de química, ¿estoy adoctrinando a mis hijos en los males de la yodometría? ",Not Hope,Sarcasm
"Primer día de trabajo, y ya he llorado en el trabajo ����",Not Hope,Sarcasm
"Sí, porque las calificaciones de Brady y la aprobación de un estado en particular, las leyes de armas no tienen relación con la realidad en lo que respecta al crimen y la seguridad. ",Not Hope,Sarcasm
"Sí, lo hicieron: ""... se comió a sí mismo"".   ",Not Hope,Sarcasm
La pregunta importante es; ,Not Hope,Sarcasm
"Hola Siri, ¿cómo dejo de simplemente simplemente?",Not Hope,Sarcasm
¿El primer juego no comienza cuando se supone que debe hacerlo? ,Not Hope,Sarcasm
"Vaya, estoy sorprendido. ",Not Hope,Sarcasm
"Solo por interés, ¿qué aspecto particular de la ""verdad"" estás llegando aquí?",Not Hope,Sarcasm
He oído hablar de familias de cabeza grande. ,Not Hope,Sarcasm
Acabo de descargar la aplicación @Achievement: ¡veamos si mejora mi rutina de ejercicios!,Hope,Sarcasm
"\ ""Te doy todas las plantas de semillas sobre el hecho de toda la tierra y cada árbol que tiene fruta con semillas. Serán suyas para bien. Y a todas las bestias de la tierra y todas las aves del aire y todas las criaturas que se mueven en el suelo, cada cosa que tiene la respiración de la vida en ella, dio cada planta verde para la comida. ",Hope,Sarcasm
Aceptamos tu Forfiet. ,Hope,Sarcasm
"Vive en Arizona, un estado republicano. ",Not Hope,Sarcasm
Me encanta cuando Jonny me hace usar auriculares para ver algo en mi teléfono para que pueda jugar FIFA,Not Hope,Sarcasm
Ven a Skid Row con el resto de nosotros 'clase baja' incluso compraré una botella de MD 20/20 en mí.,Hope,Sarcasm
"Hola Matt, si ese pincel fuera más amplio, podrías pintar una habitación en solo cinco minutos",Hope,Sarcasm
"Entonces crees que si un niño amenaza con disparar a la escuela, debería ser ignorado como una travesura inocente de los niños .......... dígale a los niños que murieron en Colombine ...",Not Hope,Sarcasm
"Dakota del Norte: *tiene una semana decente de clima *
",Hope,Sarcasm
Ustedes van por la borda en esto. ,Not Hope,Sarcasm
¿mmm? ,Hope,Sarcasm
@Schlippertysch1 @anon_opin muy bueno. ,Hope,Sarcasm
"Como dije en otro hilo, el argumento que escucho con mayor frecuencia de los llamados ""pro-Coicers"" es que no puedes legislar la moralidad. ",Hope,Sarcasm
"Oh sí ..., ¿cuánto tiempo se tarda en caminar de un extremo del país al otro? ",Not Hope,Sarcasm
Realmente no el parque de pelota es demasiado ancho. ,Not Hope,Sarcasm
"Ok, entonces @bytereview y yo decidimos grabar la noche del 6, ¡¡¡¡¡¡¡¡¡¡¡¡¡¡¡¡¡¡¡¡¡¡¡¡¡¡¡¡¡¡¡¡¡¡¡¡¡¡¡¡¡¡¡¡¡¡¡¡¿¡¡¡¡¡¡¡¡¡¡¡¡¡¡¡¡¡¡¡¡¡¡ ",Hope,Sarcasm
"O mejor aún, intente hacer su tarea antes de hacer publicaciones. ",Not Hope,Sarcasm
"Oh, claro, intenta tomar el camino más alto ahora. ",Not Hope,Sarcasm
No de humor? ,Not Hope,Sarcasm
"Llama a los Dickens de un humanismo francés políticamente correcto, políticamente correcto.",Not Hope,Sarcasm
¿Dónde? ,Not Hope,Sarcasm
"Sí, has refutado cada una de mis publicaciones con retórica. ",Not Hope,Sarcasm
¿Confundido? ,Not Hope,Sarcasm
"Oh ..., bueno ..., supongo que eso lo hace bien entonces;)",Not Hope,Sarcasm
Ese sería un beso infernal ... probablemente te ahogas primero :),Hope,Sarcasm
"No, no lo hubieras hecho. ",Not Hope,Sarcasm
Fue una pregunta hipotética que ha sido respondida ... por favor trata de mantenerse al día.,Hope,Sarcasm
"Si llevar armas se legalizó, ¡la policía ya no podría arrestar a las personas por llevar armas ilegalmente! ",Not Hope,Sarcasm
"Oh, por favor, ¿ha buscado recientemente en algún economía, negocios o de derecho?",Not Hope,Sarcasm
Veo que no sabes nada sobre el tema ... apenas una sorpresa.,Not Hope,Sarcasm
"¡No tienes idea de lo feliz de que estaba de que estaba sentado cuando leí esto! Primero, me sorprende que no hayas etiquetado con todos los que afirman ver a los liberales de los ovnis. Entonces tengo que preguntarme, en algún momento no, el RCC dijo que éramos el centro del universo, ... el sol dio la vuelta a la tierra, ... ¿la tierra fue plana? ",Not Hope,Sarcasm
"Solo tenías que traer a Godwin a ti, ¿no? ",Not Hope,Sarcasm
No hay un enlace que conozco .............. ¿Sabes qué es Cspan? ,Hope,Sarcasm
"Uhm, te das cuenta de que los humanos y los chimpancés no son las mismas cosas que los perros, los gatos, los caballos y los tiburones ... ¿verdad?  ",Not Hope,Sarcasm
"Hola Doofus, no hiciste ningún esfuerzo para calificar si esas personas eran transportistas con licencia o simplemente tenían un arma en la casa o la bóveda en el banco. ",Not Hope,Sarcasm
¿Por qué deberías mutilar a tu hijo? ,Not Hope,Sarcasm
"Pero, ¿debería la legislatura elegida basada en parte en la política partidista decirle a nuestros tribunales qué caso mirar y qué caso no mirar? ",Not Hope,Sarcasm
"Bueno, supongo que Dios creó la manzana y la dotó con bajos niveles de cianuro con el propósito específico de castigar al hombre si consume demasiados. ",Not Hope,Sarcasm
Te estás mintiendo a ti mismo ... así que seguiré haciéndote saber hasta que la nube de ilusión se disipa.,Not Hope,Sarcasm
"No solo tuve que cuidar a los pacientes covid anoche, sino que mi enfermera de cargo me dijo que los matorrales covid me hacen mirar `` `` Inconocido ",Not Hope,Sarcasm
¿Por qué no? ,Not Hope,Sarcasm
no precisamente. ,Hope,Sarcasm
Miller Case no hizo nada para defender el reclamo de la milicia de la gente de control de armas. ,Not Hope,Sarcasm
No voy a ir a ningún lado con este hilo. ,Not Hope,Sarcasm
Pensarías que las probabilidades de que me sienten al mismo tiempo que los mismos viajes de autobuses apestan en una fila son muy poco probables. ,Not Hope,Sarcasm
Rodgers era un pedófilo y Big Bird era un flamer. ,Not Hope,Sarcasm
¿Estás bromeando? ,Not Hope,Sarcasm
"Responderé que tan pronto como encuentre un ortodx, conservador, reforma, reconstrucciones o rabino karsite que dice que el Echad en el Shema es un compuesto",Not Hope,Sarcasm
"¡Dios mío, mis padres están viendo algo en Apple TV+, brillante, otro servicio de transmisión! ",Not Hope,Sarcasm
Apuesto a 12 codos que WW no tiene comprensión de lo que acaba de vincular.,Not Hope,Sarcasm
"Creo que si eso sucedió, Texas probablemente volverá a ser el estado de la estrella solitaria.",Hope,Sarcasm
"De acuerdo, entonces crees que Dios creó el mundo en 6 días, creó ciertos cuerpos de vida y celestre en ciertos de esos días, y el hombre del polvo y la mujer de una costilla; ",Not Hope,Sarcasm
"¿No te encanta cuando te enfrías en tu habitación y luego hay una araña y la matas, pero cuando lo matas, derramas refrescos por todo tu teclado sí, sí?",Not Hope,Sarcasm
Y es el calor el que restablece el reloj. ,Not Hope,Sarcasm
jeje ... ¿Tres negaciones en una sentencia Tammerlain? ,Not Hope,Sarcasm
"Si ese es el caso, desearía que alguien me desconecte. ",Hope,Sarcasm
"Bueno, ciertamente defendiste este video, Arcángel. ",Not Hope,Sarcasm
Parece que has tratado de analizar todo lo que digo como 'mis' experiencias de vida '. ,Not Hope,Sarcasm
"Su ""opinión"" era una pregunta de jardín de infantes que describía un ""problema"" que nunca existió, un ""problema"" que se le explicó 3 o 4 veces. ",Not Hope,Sarcasm
¿No tenemos todos? ,Not Hope,Sarcasm
¿Y cuáles son las opciones de las llamadas personas 'pro-vida'? ,Not Hope,Sarcasm
¡Gracias a @Orchardmead por organizar pizza y helado! ,Hope,Sarcasm
Necesitamos normalizar tener un cabello dañado de lejía absolutamente frito. ,Hope,Sarcasm
¿Alguien aquí se opondría a su hija de 16 años acampando con hombres de 21 años? ,Not Hope,Sarcasm
"emoticonxbanghead 
",Not Hope,Sarcasm
Y es la naturaleza de los teóricos de la conspiración tropezar con algunos pequeños hechos y dejar que su gran imaginación se escape con la tierra de hacer creyos. ,Not Hope,Sarcasm
¿A alguien le gustaría darme algo de dinero? ,Hope,Sarcasm
Su conocimiento de la historia es aterrador. ,Not Hope,Sarcasm
"Entonces, ¿su afirmación es que cientos de miles de armas de fuego robadas de residencias anualmente es solo par del curso?",Not Hope,Sarcasm
"En realidad, eso era obvio según su tipo de razonamiento irracional.",Not Hope,Sarcasm
Detenga a las comunidades de vida de jubilación de la puerta. ,Hope,Sarcasm
"<Modo de sarcasmo en> Es agresión sexual porque cuando se sobrió y se dio cuenta de lo que había hecho, la pequeña querida no podría haber sido responsable de sus propias acciones.  ",Not Hope,Sarcasm
"En cuanto a los insultos, este no tiene sentido, excepto en su pequeña mente. ¿Y hice su lista de ignoraciones? ¡Finalmente! ",Not Hope,Sarcasm
"Wow, vamos a aplaudir por ese gran argumento para el evolucionismo. ",Not Hope,Sarcasm
"<lush>
",Not Hope,Sarcasm
"Este viejo hombre camina 3 millas/día, nunca ha roto un hueso importante y solo ha tenido una operación como estudiante universitario para eliminar mi apéndice. ",Not Hope,Sarcasm
Oh bueno. ,Hope,Sarcasm
Entonces ese molesto niño que sube tu cerca para recuperar su pelota es un juego justo. ,Not Hope,Sarcasm
"Y, supongo que el sacerdote no estaba aterrorizando a su víctima y no le decía al pobre niño que era ""la voluntad de Dios"".",Not Hope,Sarcasm
"Disfrute de los bares y viñedos������ 
",Hope,Sarcasm
Vor es tan católico como el arzobispo de Cantebury. ,Not Hope,Sarcasm
"Si se supone que Dios es omnibenevolente, ¿por qué deberíamos temerlo? ",Not Hope,Sarcasm
Acabo de terminar de leer tus contribuciones a este hilo y estoy asombrado por el puro bombardeo de su tono y el ciencia en su contenido. ,Not Hope,Sarcasm
"Muchas de las denominaciones cristianas les ignoran de la misma manera que ignoran las prohibiciones contra el cerdo, la tela mixta y la apedreza hasta la muerte de sus hijos porque te atacan.",Not Hope,Sarcasm
"No puede pecar, hacer que una adolescente sea llamada en una posición de una noche, pero no pecado. ",Not Hope,Sarcasm
"En cuanto a la primera parte, te respondí arriba. ",Not Hope,Sarcasm
"Sí, qué tonto de mi parte debatirlo en 'puntos'. ",Not Hope,Sarcasm
Supongo que nadie quería pescarlo en la taza del inodoro. ,Not Hope,Sarcasm
Tal vez deberías subtitular este hilo: el derecho a una escuela con padres perfectos. ,Not Hope,Sarcasm
"Ok, creo que entiendo tu punto, no te importan las leyes, así que haces lo que quieras, no estás de acuerdo con algo, así que quieres que quieras hacer.
",Not Hope,Sarcasm
"Suena como una enmienda de la factura de aborto para restringir todos los viajes por menores es necesario por aquellos que exigen que las niñas dan a luz después de ser impregnadas por violadores, padres, tíos, etc., también podría incluir adultos, solo para simplificar las cosas y mejorar el poder de la policía estatal. ",Not Hope,Sarcasm
... porque todos saben que no hay hombres casados ​​que abusen sexualmente de hijos. ,Not Hope,Sarcasm
"Si vi a un Capybara en persona, probablemente vomite",Hope,Sarcasm
"Escuché un rumor de que Baja Blast vendrá a las tiendas e independientemente de lo que sea algo que espero en la vida caiga, al menos tendré esto.",Hope,Sarcasm
¿Entonces estás diciendo que determinamos nuestro ADN? ,Not Hope,Sarcasm
"Te pediría un enlace, pero esta vez no me siento generoso.  ",Not Hope,Sarcasm
"Sí, debemos obedecer la voluntad de la gente. ¡La votación fue totalmente justa! Entonces ... ¿por qué los que obviamente votaron por M.A.Miots?",Not Hope,Sarcasm
¿Sabes cuántos Osama Bin Ladens matamos? ,Not Hope,Sarcasm
"Muchas mujeres musulmanas que usan hijab de algún tipo u otro nacieron en Occidente (no conozco a ninguno que use el burka, es bastante raro), ¿a dónde estás sugiriendo que vuelvan? ",Not Hope,Sarcasm
Oh libre mercado ???? ,Hope,Sarcasm
No ... ve a leer la Biblia antes de que te ves más tonto de lo que ya lo haces. ,Not Hope,Sarcasm
Eso también podría ser muy efectivo de manera positiva durante los discursos de campaña política.,Hope,Sarcasm
Impresionante. ,Not Hope,Sarcasm
¿Es tu pensamiento realmente tan simplista? ,Not Hope,Sarcasm
"Oh sí, todos los científicos, compositores, escritores, bandas más famosos. ",Not Hope,Sarcasm
¿de qué estás hablando? ,Not Hope,Sarcasm
@rits_meg @freedomsenpai hot loli,Not Hope,Sarcasm
"Sí, y todos sabemos qué pasó cuando hicieron eso con Galileo. ",Not Hope,Sarcasm
¿Alguien más escucha a algunos como truenos o algo así?,Not Hope,Sarcasm
Y no lo hice. ,Not Hope,Sarcasm
@Moffstovoi bien hecho! ,Hope,Sarcasm
"Todos por favor dejen de disparar fuegos artificiales, mi perro está asustado :(",Not Hope,Sarcasm
"Oh Hank, realmente eres divertido. ",Not Hope,Sarcasm
Creo que es un truco bastante bueno para un bebé muerto para sentarse en esa pequeña bañera.,Not Hope,Sarcasm
"Es un verdadero desastre, aunque debes darles puntos para la originalidad.",Not Hope,Sarcasm
"¿Qué parte de ""No quiero un pene"" no entiendes del todo? 
",Not Hope,Sarcasm
Probablemente una buena excusa. ,Not Hope,Sarcasm
¡Dile eso a un niño de 17 años! ,Not Hope,Sarcasm
"Tal vez deberías formar una religión para los homosexuales solo donde todos los miembros tienen que casarse entre sí ... luego presionar por el tema sobre los derechos de las libertades religiosas.
",Not Hope,Sarcasm
"Sí, la Biblia nos dice que Dios mismo evitará que el faraón deje ir a los israelitas, ¡luego gire a la derecha y castigue al faraón matando a su primogénito! 
",Not Hope,Sarcasm
"Oh, Mrwriterman hizo un divertido. ",Not Hope,Sarcasm
¿No se te ocurre tu propia línea? ,Not Hope,Sarcasm
Eres tan loony como ella. ,Not Hope,Sarcasm
"No lo tome personal, la enfermedad mental es una enfermedad, no es algo sobre lo que pueda hacer nada ...",Not Hope,Sarcasm
Jyoshu. ,Not Hope,Sarcasm
"¿Crees que eres bastante inteligente, ¿eh? ",Not Hope,Sarcasm
¡Y de repente la lista de declaraciones incorrectas de Vor ha terminado otra vuelta alrededor del universo! ,Not Hope,Sarcasm
"Ganar cualquier elección política nunca se ha tratado de elegir al ""mejor"" hombre para el cargo, simplemente significa que apele a la mayoría de las personas que se presentaron para votar. ",Not Hope,Sarcasm
"Entonces, ¡después de todo, algunas partes de la Biblia son historia oral errónea! ",Not Hope,Sarcasm
"Para una buena risa, sígueme en @VshelTonsports para ver mi mejor intento de cubrir las noticias de negocios deportivos para la clase este semestre.",Hope,Sarcasm
"Voy a cortar el contacto con cada persona que conozco y emerger en unos meses o un año a partir de ahora después de haber perdido la capacidad de hablar físicamente, pero poder jugar el acordeón más malo que alguna vez has escuchado en tu pequeña vida patética",Not Hope,Sarcasm
"Vinculame a uno decir que la ""adicción"" a la marihuana es peor que el alcoholismo, por favor.",Not Hope,Sarcasm
"""Patrón militar, agarre independiente de la pistola: tal vez esto es lo que hace que un arma de fuego normal sea un arma de asalto de alta potencia de Super Duper. Podría suceder, ya sabes, engañe ese .22lr en un rifle de francotirador de .50 Cal.",Not Hope,Sarcasm
¿Por qué? ,Not Hope,Sarcasm
Una historia ligeramente anterior muestra que Clinton no estaba tan preocupado por Bin Laden. ,Not Hope,Sarcasm
El hada del diente tiene una función diferente a la de Pascua.,Not Hope,Sarcasm
Estaba pensando lo mismo. ,Not Hope,Sarcasm
Parece que alguien no pudo agarrarse con el hecho de que era un racista más cercano. ,Not Hope,Sarcasm
¡No creí! ,Hope,Sarcasm
¿Hablas en serio? ,Not Hope,Sarcasm
@lora__ sorprendido. ,Not Hope,Sarcasm
"El hecho de que se emitió en MSNBC y Keith Olbermann me dice que solo podría ser inclinado de una manera.
",Not Hope,Sarcasm
"Supongo, entonces, que no tienes vida. ",Not Hope,Sarcasm
Supongo que es bueno que no haya respondido y/o hablar contigo entonces. ,Not Hope,Sarcasm
"Escuchar te amo es agradable y todo, pero ¿alguna vez te han dicho que comas mierda? ",Not Hope,Sarcasm
"Ciertamente, un término que nunca se ha oído hablar; ",Not Hope,Sarcasm
@kashirenaii nunca iría a seis banderas contigo,Not Hope,Sarcasm
Ochenta y nueve veces. ,Not Hope,Sarcasm
"Entonces, ¿la forma más rápida de obtener más de 20,000 puntos es no ser serio? ",Not Hope,Sarcasm
Se trata de mujeres en luchas de tallo. ,Not Hope,Sarcasm
"Sobre la evidencia, ese debe haber estado donde se encontraba su cerebro.",Not Hope,Sarcasm
"Jyoshu, deja de beber el Kool-Aid antes de que tu cerebro esté totalmente frito.",Not Hope,Sarcasm
mmm. ,Not Hope,Sarcasm
"""Solía ​​ser"". ",Hope,Sarcasm
"Si pudiéramos frotar una lámpara de latón, hacer tres deseos y solucionar nuestros problemas de energía de inmediato, estaría de acuerdo con usted. ",Hope,Sarcasm
No estoy de acuerdo. ,Not Hope,Sarcasm
Más brillo de la Biblia. ,Not Hope,Sarcasm
"¿Dónde está tu ""prueba"" de que un ser mágico en los cielos nos creó?",Not Hope,Sarcasm
"Sí, a tu potencial cónyuge le gustará tu personalidad después de cumplir con el requisito previo de ser el género adecuado para ellos.",Hope,Sarcasm
Espero que mi fiesta de clase social vaya a involucrar a tequila y chip y salsa ����������������,Hope,Sarcasm
"@brruhia nah bruh, solo lo bebes al revés ����",Not Hope,Sarcasm
Y no tuve que elegir ser homosexual. ,Not Hope,Sarcasm
"Entonces, en otras palabras, estás diciendo que en algún momento, Dios cambió de opinión.",Not Hope,Sarcasm
"Y tenga un hijo con una enfermedad terminal y vea que probablemente muera lentamente debido a mi ""alma gemela"". ",Not Hope,Sarcasm
"¡Fábrica de cerdo!
",Hope,Sarcasm
Me encanta cómo intentas ser MR. ,Not Hope,Sarcasm
Guau. ,Not Hope,Sarcasm
"Te han lavado el cerebro, en realidad. ",Not Hope,Sarcasm
"Supongo que te perdiste este bit:
",Not Hope,Sarcasm
Tengo todo un nuevo testamento. ,Not Hope,Sarcasm
"Es curioso, pensé que Heribert Nilsson era botánico. ",Not Hope,Sarcasm
"Oh, bueno, eso resuelve el argumento, ¿no? ",Not Hope,Sarcasm
"¿Cómo puedo hacer un argumento ""legítimo"" con alguien que cree que todas las religiones se basan en ""un hombre en el cielo""?
",Not Hope,Sarcasm
No puede esperar que esos cheques de $ 2000 salgan de inmediato,Not Hope,Sarcasm
"Ok, te consigo, es un redneck oh querido debería haber sabido que nuestra marca (Irlanda) es ligeramente diferente ...",Not Hope,Sarcasm
":pag
",Not Hope,Sarcasm
"Vaya, me pregunto si debería dejar que las malas hierbas u otra hierba se enciendan en el patio después de pasar mucho tiempo empacándolo con festuca. ",Not Hope,Sarcasm
¿Quién más que un creacionista haría una afirmación tan ridícula?,Not Hope,Sarcasm
¿Cómo llenaría algunos de los vacíos? ,Not Hope,Sarcasm
Quizás le gustaría explicar simplista. ¿Es el principio antrópico simplista? ¿Qué ley natural creó la ley natural? ¿De dónde viene la información? ¿Es simplista la materia creando materia? ,Not Hope,Sarcasm
"Los republicanos, como intentan, dicen que ganaron, pero no sé ¿por qué no solo resuelven esto con una encuesta de Instagram?",Not Hope,Sarcasm
"Bien, entonces, ¿por qué no nos dices ""correcto"" visión sobre el matrimonio homosexual?
",Not Hope,Sarcasm
"¿Se supone que debo tomar eso como un insulto o simplemente un comentario pasajero, hmmm?",Not Hope,Sarcasm
¿Esto parece un poco irónico para alguien más? ,Not Hope,Sarcasm
"Por suerte para el segundo puesto de Brentford que no hay un equipo destacado como Leeds este año, o podrían no tener posibilidades de ganar la liga. ",Not Hope,Sarcasm
Me encanta cuando tienes que trabajar tan duro para evitar cualquier punto que hice. ,Not Hope,Sarcasm
jajaja. ,Not Hope,Sarcasm
"Hunter, ¿estaría interesado en discutir esto lógicamente? ",Not Hope,Sarcasm
"Vaya, ahí vas de nuevo. ",Not Hope,Sarcasm
"Siete demonios, ¿eh? ",Not Hope,Sarcasm
responsable por juicio? ,Not Hope,Sarcasm
"Todavía no lo entiendes, ¿tú, Smiley ... emoticonxbanhead si los cupcakes eran humanos? ",Hope,Sarcasm
"Bueno, eso podría suceder si SOMHOW estabas mutado en algunos ... no sé ... 600 personas armadas. ",Not Hope,Sarcasm
"Wow, un nuevo mundo valiente en el que vives ... ahora digamos que solo el 1% de todos los propietarios de armas se resistieron (en los Estados Unidos, que son varios cientos de miles de miles de pimienta por la tierra). ",Not Hope,Sarcasm
¿Pero no lo sabías? ,Not Hope,Sarcasm
"Como tener armas no sirven al estado. \ ""-Heinrich Himmler por prometer su apoyo a los ideales nazis, orgullosamente otorgamos \"" sí \ ""la medalla del holocausto y el genocidio. Felicitaciones ahora eres un defensor de Hitler"". ",Not Hope,Sarcasm
un poco más de 5 años ...? ,Not Hope,Sarcasm
"Odio romperte, pero definitivamente no es blanco.
",Not Hope,Sarcasm
@Ciara87c @rachaelsmarty @sashahumphreys2 mis convos de tinder se han filtrado,Not Hope,Sarcasm
"En realidad, desde donde se sienta este no creyente, Arch simplemente repite lo que la Biblia cristiana dice sobre quién entrará en el cielo y quién no.
",Not Hope,Sarcasm
Eso se debe a que los talibanes en Afganistán no tenían ningún aceite para sobornarlos.,Not Hope,Sarcasm
"¡Oh, sí, por supuesto que lo harás, y mientras estés en eso, serás un dictador genocida y la gente seguirá amando a tu maldito país en lugar de querer cambiarlo! ",Not Hope,Sarcasm
"No, no lo es. ",Not Hope,Sarcasm
"Entonces, ¿Clinton se pone con Lewinsky es un signo de inteligencia? ",Not Hope,Sarcasm
��� La App Store [es] ... un milagro económico?��� ���� Pero la magia de Apple no funciona hoy en #antitrusthearings #apple sofoca la innovación que es el alma de nuestra economía. ,Not Hope,Sarcasm
Alguien necesita revisar su pequeño diccionario de oro. ,Not Hope,Sarcasm
"No es mi culpa si no puedes entender lo que estoy diciendo ... reza por entender, no puedo darte ni hacerte entender lo que es incomprensible para ti, pero Dios puede ayudarte, reza.
",Hope,Sarcasm
¿Sabes que es un concepto novedoso? ,Not Hope,Sarcasm
Y mi hermana de 8 años piensa que hay hadas en el fondo del jardín.,Hope,Sarcasm
"Usa algo de sentido común, ¿verdad? ",Not Hope,Sarcasm
"Tu Biblia te ha hecho un gran mal servicio, te ha convertido en el cerebro en caca.
",Not Hope,Sarcasm
Creo que entiendo esto. ,Not Hope,Sarcasm
"No, en absoluto. ",Not Hope,Sarcasm
"Ah, claro. ",Not Hope,Sarcasm
"¡Dios mío ... satanista?! .. Dios mío, ¿cómo puedes decir tal cosa?  ",Not Hope,Sarcasm
"Me encanta cómo difuminan la cara de Tristan en esta temporada de Kardashians lmao como hmmmm, me pregunto quién es ese hombre misterioso",Not Hope,Sarcasm
¡Esas malditas personas negras! ,Not Hope,Sarcasm
"Haz, realmente no veo que sea un problema. ",Not Hope,Sarcasm
En realidad. ,Hope,Sarcasm
Así fue dominante y esclavizando a las mujeres. ,Not Hope,Sarcasm
Solo trato de brindar algo de consistencia al debate. ,Not Hope,Sarcasm
** Así que no me gustan tus mentiras y distorsiones deliberadas. ,Not Hope,Sarcasm
"Tal vez no lo conscientes, pero algo que no ha pasado pero tiene una posibilidad o probabilidad de suceder es potencial, por lo que la palabra es precisa para describirla. ",Not Hope,Sarcasm
"Tener la dieta más equilibrada, un equilibrio saludable de codeína, Panadol e ibuprofeno ...",Hope,Sarcasm
El hecho de que crea que el plan 9-9-9 es bueno solo demuestra que eres tan estúpido como lo es Herman Cain. ,Hope,Sarcasm
Extraño caminar por 3 tramos de escaleras para la clase y tener que recuperar el aliento en el baño `` ',Not Hope,Sarcasm
Wow ... hay una persona real debajo. ,Hope,Sarcasm
"Tu reputación La Savoir Faire con notas sucias te precede, cariño. ",Not Hope,Sarcasm
"Entonces ves a un policía en las calles, ves que está armado, eso es suficiente para inducir agresión y violencia, posiblemente hacerte lastimar a los demás, simplemente porque viste que alguien más estaba armado?",Not Hope,Sarcasm
"Simone Baby, veré tu Sanford y te criaré un Mark Spitzer, John Edwards, Jim McGreevey y, por supuesto, el rey de Sleeze der Slickmeister Willie.",Hope,Sarcasm
Increíble lo rápido que puede ir este equipo de 13 seguidos a perder tres seguidos. ,Hope,Sarcasm
¿Quién dice que hay una vida futura? ,Not Hope,Sarcasm
"Exactamente, para todos los demás, ""Wascallywabit"" tiene mucho más sentido que ""Pandion"" que en realidad no responde a ningún problema, está demasiado admirando cuán ""genial es en la biología"".
",Not Hope,Sarcasm
"Fue el impulso de Alemania por el nacionalismo lo que llevó a la derrota de Britian, WWLL. ",Not Hope,Sarcasm
Pensé que serías feliz. ,Hope,Sarcasm
"Wow, un hilo que me trata como un xxxxx al arrojarme propaganda absurda, eso es convincente y gana mis simpatías. ",Not Hope,Sarcasm
Creo que no me estás entendiendo. ,Not Hope,Sarcasm
"""Hopium"" es la adicción eterna al acaparar armas de armas contra los constitucionalistas para esperar que puedan cambiar la constitución para que se adopten todas sus leyes e ideas. ",Hope,Sarcasm
"Y aquí el Assi una vez más se niega a responder a una publicación válida, ya que personalmente insulta a un miembro que muestra más inteligencia y sabiduría que en cada publicación de COBHC. ",Not Hope,Sarcasm
"Creo que estás muy equivocado.
",Not Hope,Sarcasm
"Entonces, no hay fuente real. ",Not Hope,Sarcasm
No ofusqué nada. ,Not Hope,Sarcasm
"Bueno, estábamos cansados ​​de que no respondieras o dijeras: ""No vale la pena mi tiempo"".",Not Hope,Sarcasm
"Quizás debería haber usado la fuente del ""sarcasmo"". ",Hope,Sarcasm
"Usted es todo enfermo por ser malo con Trump tanto por la tolerante izquierda ����� 

",Not Hope,Sarcasm
"Oh, por favor ... dígale a una familia de cuatro en bancarrota de cuatro que no puede pagar facturas médicas ...",Not Hope,Sarcasm
Me alegro de saber que traes ortografía a esto. ,Not Hope,Sarcasm
Me encanta dejar el consultorio de los médicos llorando. ,Hope,Sarcasm
"No en tu mente de Doll, no tiene mucho que esté claro King Trident ... ¿por qué no vas a cazar un atún o algo ...",Not Hope,Sarcasm
"Por supuesto, Dios tendría algo que ofrecer a Peonwely Peon, pero eso no explica qué uso tiene Dios para peones, excepto por hacer estúpidos trucos para mascotas.",Not Hope,Sarcasm
"Ven a Inglaterra y te conocería Sugarplumemotonxbye
",Not Hope,Sarcasm
¿La prohibición dejó de beber? ,Not Hope,Sarcasm
@MailOnline Otro rapero homofóbico misógino y homofóbico ... ¡qué impactante!,Not Hope,Sarcasm
"No solo lanzaría el interruptor, sino que también pagaría la factura de electricidad. ",Not Hope,Sarcasm
"Creo que también podrías enseñar a controlar armas en una escuela sin armas.
",Not Hope,Sarcasm
¿Quién necesita una alarma cuando puedes tener la baja voz de un extraño para despertarte por la mañana?,Not Hope,Sarcasm
como en Afganistán? ,Hope,Sarcasm
¿Está justo al lado de Anwr? ,Not Hope,Sarcasm
"Sí, lo superan en un año o dos. ",Hope,Sarcasm
"Sí, EZ es lo que volverá a perseguirte. ",Not Hope,Sarcasm
"Dado que le gusta tanto informar ataques personales al mod, ¿tal vez alguien debería devolverle el favor? ",Not Hope,Sarcasm
"Ahora estoy leyendo 4 libros a la vez, ¿qué podría salir mal?",Not Hope,Sarcasm
¿De dónde sacó Jesús sus poderes mágicos? ,Hope,Sarcasm
"Y estoy seguro de que te haces esa misma pregunta antes de que desabroches tu mosca y sacas tu pico, ¿verdad?",Not Hope,Sarcasm
"¡Guau ""numerosos individuos""! ",Hope,Sarcasm
SIMONE: Soy una víctima crónica: pensé en pedirle a EasyRider una receta.,Hope,Sarcasm
Nunca he escuchado a un conservador que era pro gay y mucho menos el matrimonio entre el mismo sexo. ,Not Hope,Sarcasm
"No puedo esperar para nombrar a mis hijos después de las cosas que nunca tendré. 
",Hope,Sarcasm
"Traté de no parecer un turista cuando fui a Nueva York en mayo pasado, pero supongo que lo regalé con todas las fotos que estaba tomando.",Not Hope,Sarcasm
"Ese es un hecho interesante, ¿cómo es que nunca he escuchado tal cosa ... tal vez un enlace está en orden y no una tormenta o el enlace similar por favor ...
",Not Hope,Sarcasm
¿Crees que el metro está alado de izquierda? ,Not Hope,Sarcasm
¡Buena lección! ,Not Hope,Sarcasm
"En realidad, tiene sentido solo para ti. ",Not Hope,Sarcasm
"Ja, eso es solo una perspectiva idiota. ",Not Hope,Sarcasm
Parece que los nazis de seguridad sienten que las zonas sin armas deben correr como prisiones. ,Not Hope,Sarcasm
¡Hush Poseidón! ,Not Hope,Sarcasm
"¿Qué provocó esto?
",Not Hope,Sarcasm
Cita de Johnhanks: 'Cita: Publicado originalmente por Inri ... El sexo no es más que animal hasta que se practique de acuerdo con la Eucaristía ... Estoy fascinado. ,Not Hope,Sarcasm
"También has dicho esto en otros foros: no tienes $ 10,000. ",Not Hope,Sarcasm
¿De quién es este dios del que hablas? ,Hope,Sarcasm
@ThePARTRIDGEPOD Desconde el congelador con el elenco de Hollyoaks. ,Hope,Sarcasm
"Bueno, considerando cuán ambiguas y contradictorias son las Escrituras cristianas, supongo que esta interpetación tiene tanto sentido como cualquiera de los demás.",Not Hope,Sarcasm
Fue un intento de ironía que no es fácil de entender para ustedes norteamericanos.,Not Hope,Sarcasm
Esto se llama lógica extremista. ,Not Hope,Sarcasm
Voy a extrañar los escaneos acortando mi nombre a `` CHRIST���� 'después de 16 años,Hope,Sarcasm
"Realmente odias la verdad, ¿no eres Lyte! ",Not Hope,Sarcasm
"Por lo tanto, admite que preferiría la ignorancia al conocimiento. ",Not Hope,Sarcasm
"Deben sufrir terriblemente en las nieves profundas del invierno canadiense, ¿eh? ",Not Hope,Sarcasm
¿Asumo que eres cristiano? ,Not Hope,Sarcasm
"¿Estoy seguro de que te refieres a ""mediar"" en lugar de ""medicar""? ",Not Hope,Sarcasm
Probablemente perdí el tiempo creando este debate. ,Not Hope,Sarcasm
También escuché eso. ,Not Hope,Sarcasm
"Er, estás haciendo el complejo de Dios nuevamente. ",Not Hope,Sarcasm
"Deja que la gente agradable de Hutch me grite que ""coma mierda"" mientras corro. ",Not Hope,Sarcasm
No puedo creer que intentes hacer una afirmación tan loca. ,Not Hope,Sarcasm
¿Quieres decir que no crees que tienes tu propia religión inventada? ,Not Hope,Sarcasm
ni; ,Not Hope,Sarcasm
Me encanta cómo los Wingnuts de Rightie piensan que Obama es un musulmán socialista cuando su propio nominado vicepresidente mentalmente defectuoso es un miembro en ejercicio de la Iglesia Pentacostal y creacionista. ,Not Hope,Sarcasm
@inkofreality @strangertings1 @nytimes estás tan cerca de comprender el sesgo de referencia. ,Hope,Sarcasm
Jejeje. ,Not Hope,Sarcasm
"Me lastimé el pie como hace 3 días, no tengo idea de cómo, pero duele presionarlo. ",Not Hope,Sarcasm
"Ooops, error tipográfico. ",Not Hope,Sarcasm
No bebo y no tengo sobrepeso. ,Not Hope,Sarcasm
El Horsehoe Bend fue cretado por la inundación en la imagen de la herradura inmaculada. ,Not Hope,Sarcasm
Lo que sea. ,Not Hope,Sarcasm
"Sí, sí, lo que sea y también hay católicos gay. ",Not Hope,Sarcasm
"¿Y su solución a la actual crisis económica es?
",Not Hope,Sarcasm
¿Por qué tienen que aceptar esto? ,Not Hope,Sarcasm
Apostas. ,Not Hope,Sarcasm
"Qué parte de ""lo que voy a hacer es usar mi influencia para convencer a los políticos de aprobar las leyes de control de armas de sentido común"" ¿No entiendes? ",Hope,Sarcasm
Pensar en ese momento Blizzard tuvo la brillante idea de cambiar el nombre de todos en sus foros a sus nombres reales. ,Not Hope,Sarcasm
¡Y podría haber sido extraterrestres liberales también! Oooh. ,Not Hope,Sarcasm
Buena evasión. ,Not Hope,Sarcasm
Lo que parece ser montañas para otros partidarios de los derechos de los homosexuales son solo colinas para tiemoticonxhoho,Not Hope,Sarcasm
"Dificultades de lectura, ¿eh?  ",Not Hope,Sarcasm
"Bueno, con el pensamiento desafiado a las personas como Slimjim flotando a su alrededor, no es de extrañar que tengamos una agencia deshonesta sin supervisión atacando a los ciudadanos honestos. ",Not Hope,Sarcasm
¿Entonces eres pro-vida y odias a los liberales? ,Not Hope,Sarcasm
Entonces debes haber esperado que fuera un mudo en el programa. ,Not Hope,Sarcasm
"¡Bueno, eso deja escapar la mayor parte de la Corte Suprema cuando aparece RVW! ",Hope,Sarcasm
¿Qué tiene que ver el Big Bang con la evolución?   ,Not Hope,Sarcasm
"Oh, eso no es políticamente querecto y es un wif secialmente el elegido que hace la disculpa mundial Toure, no veo que eso caiga.   ",Not Hope,Sarcasm
"Más tonterías irracionales, ¿y has olvidado que soy un árabe? ",Not Hope,Sarcasm
"En realidad, publicaste algo que tenía buen sentido, y también era divertido, tal vez hay esperanza para ti todavía.",Hope,Sarcasm
"¡Oh, hombre! ",Hope,Sarcasm
¿Mi odio a la iniquidad contra tu amor por ello? ,Not Hope,Sarcasm
Habla sobre ilusiones incoherentes. ,Not Hope,Sarcasm
"Oye, ¿alguien sabe de alguna organización que tenga reservas masivas de dinero que puedan ser súper útiles para el mundo durante una crisis pública?",Not Hope,Sarcasm
"Maldita sea, toma algunas gónadas reales (espera, eres una lib, así que rasca esa) para reclamar el poder de entrar en las mentes y los corazones de las masas ... una protesta de los conservadores debe ser racista, pero una protesta de las libres es pura y justa, ¿correcta?",Not Hope,Sarcasm
"emoticonxkill 
",Not Hope,Sarcasm
"Entonces, ¿eres un experto en esto como si estuvieras sobre la economía de enviar dinero fuera del país?",Not Hope,Sarcasm
"¿Por qué es que los izquierdistas son incapaces de permanecer en el tema y responder a lo que realmente dice un oponente? 
",Not Hope,Sarcasm
: P deseo! ,Hope,Sarcasm
Entonces estás diciendo dr. ,Not Hope,Sarcasm
"Entonces, ¿quitar los derechos de las personas es un valor estadounidense? ",Hope,Sarcasm
"No te olvides más barato de alimentar, tomar órdenes mejor y son más difíciles de golpear.",Not Hope,Sarcasm
@xnemoooo @mcdonaldsuk @Tasshx Di que juro que no hayas bajado todo en ACAPULCO. ,Not Hope,Sarcasm
"Igual no significa bueno, guardado o incluso iluminado, preppie.
",Not Hope,Sarcasm
"Sí, sí, soy completamente asinino. ",Not Hope,Sarcasm
"Entonces, la fe y el argumento de la incredulidad. ",Not Hope,Sarcasm
"¿Quizás pueda proporcionar un ejemplo para que pueda ir a la ""escuela""?",Hope,Sarcasm
No se entendía como un insulto ... solo una declaración de hecho. ,Not Hope,Sarcasm
"¿Ah? ""Cabeza rascadora"", acabo de despertar, ¿qué? ¿La elección de las mujeres, su cuerpo, la pena de muerte? Ah, ok Gotch Ya.Emoticonxfrazzled",Not Hope,Sarcasm
Y tampoco Dios los escribió. ,Not Hope,Sarcasm
¿No lo sabes? ,Not Hope,Sarcasm
¡Sin duda Matthew! ,Not Hope,Sarcasm
¿No tienes ese otro foro deformado extraño en el que publicas ahora? ,Hope,Sarcasm
¿Entonces una madre puede matar a su hijo discapacitado? ,Not Hope,Sarcasm
¿Estás bromeando? ,Hope,Sarcasm
Me encanta cuando 'Heathens' intenta decirme qué hace o no hace mi religión. ,Not Hope,Sarcasm
"Ahora, ahora ...
",Not Hope,Sarcasm
No me interesa quién no te está golpeando. ,Not Hope,Sarcasm
"JT, Francia tiene atención médica para todos y una educación universitaria si puede aprobar la calificación. ",Not Hope,Sarcasm
La pregunta en el puesto era sobre países no establecidos en los Estados Unidos. ,Not Hope,Sarcasm
"Me encanta cuántos de los derechos le encanta decir que son independientes porque no están de acuerdo con tal vez un problema republicano, o porque tienen una desconfianza general del gobierno ... Sin embargo, sobre cada tema (además de tal vez el indicado) y cada voto que están bloqueando y pasan con los conservadores. ",Not Hope,Sarcasm
"Recuerde siempre gracias a su Alexa, por si la IA se hace cargo algún día",Hope,Sarcasm
"Ah sí, del curso la lluvia de verano se vierte cuando estoy a pie.",Not Hope,Sarcasm
"No estoy seguro de cuál es el umbral para Gezzerdom, pero me temo que lo he pasado.
",Not Hope,Sarcasm
Qué sorpresa. ,Not Hope,Sarcasm
Nunca tendrás ese problema de alivio cómico. ,Not Hope,Sarcasm
La pregunta es ¿los perros quieren ser protegidos? ,Not Hope,Sarcasm
"Para esta administración, la economía keynesiana es conservadora y FDR fue un torthwad.",Not Hope,Sarcasm
"Me encanta llamar a mi madre temprano en la mañana y despertarla, lo tomo como pago por todas las veces que nunca me dejó dormir en `` '",Not Hope,Sarcasm
"Bueno, mientras ignore la evidencia, ¿por qué necesita pruebas? ",Not Hope,Sarcasm
"Bueno, esa es una declaración estúpida. ",Not Hope,Sarcasm
"... dijo un ""cierto noble"" ...
",Not Hope,Sarcasm
Y eso te convertiría en el que aboga por el asesinato de nuestra futura generación.,Not Hope,Sarcasm
"Gracias por vincular mis declaraciones en las que respondí a su pregunta.
",Not Hope,Sarcasm
"Nuestro Señor y Salvador, Frank Ocean, nos ha salvado a todos una vez más.",Hope,Sarcasm
"Sí, la universidad es posiblemente la más sin sentido. ",Not Hope,Sarcasm
@Mythical tan preocupado por él. ,Hope,Sarcasm
¿por qué? ,Not Hope,Sarcasm
"Yo piensa que eres un ingenio tenue que piensa que Nerón tuvo una buena boda con su esclavo de catamita 'con una ceremonia y todo loiconxlove
",Not Hope,Sarcasm
"Ya veo, ... Entonces (para ti) no es que el niño tenga derecho a su vida o algo así.
",Not Hope,Sarcasm
"Oh, veo que EasyRider quiere que publique un poco más. ",Hope,Sarcasm
Pero supongo que esto es todo mi/nuestra culpa también. ,Not Hope,Sarcasm
"Ok, si Max es un hillbilly para su puntuación, entonces tú, Ray, ¡Aspire a Hillbilly-Hood! ",Not Hope,Sarcasm
¿La ayuda de alguien? ,Hope,Sarcasm
"¿Ah, de verdad?   ",Not Hope,Sarcasm
"Oh sí, es un verdadero teaser cerebral. ",Not Hope,Sarcasm
"Sí, si en mi prueba de matemáticas, puse ""la respuesta es 7 porque mi Dios lo dice"" y el maestro lo marca mal, ¿él es el xxxxx?",Not Hope,Sarcasm
"nena se detengo, estoy a punto de Gleek",Not Hope,Sarcasm
"Genial, entonces, si tiene una empresa que posee su 401k con sede en Nueva York, ¿eso significa que tienen que honrar su inversión en Virginia? ",Not Hope,Sarcasm
"Sabes, he visto este BS de ti con bastante frecuencia. ",Not Hope,Sarcasm
¿Estás citando otra película de mierda de Michael the Hutt? ,Not Hope,Sarcasm
"Parece que requerirá una respuesta hábil a una pregunta complicada, entonces, ¿qué tal esto: Pregunta: ¿Era Stalin un comunista? Respuesta: Eso es lo que dijo.",Not Hope,Sarcasm
Esperaba que hablar en inglés antiguo lo ayudara a entender.,Hope,Sarcasm
"Buen punto aquí, porque los medios nunca insultan a los derechistas ... emoticonxrolleyes 
",Not Hope,Sarcasm
"Winston, debo confesar mi ignorancia; ",Not Hope,Sarcasm
¡Disparates! ,Not Hope,Sarcasm
"http://66.221.20.150/evidence/hamilt...smok/file2.htm
",Hope,Sarcasm
Mis vecinos se burlan de mí fuera de la ventana de mi oficina relajándose en su bañera de hidromasaje cada día remotamente cálido mientras me siento aquí en zoom consecutivos todo el día todos los días. ,Not Hope,Sarcasm
"Estoy en Canadá, ¿así que como Happy 4Rth?",Hope,Sarcasm
Y supongo que por tus publicaciones mal informadas que no has sido alta antes. ,Not Hope,Sarcasm
"Entonces, ¿el ""origen de las especies"" tiene más información para los evolucionistas teístas que la Biblia? ",Not Hope,Sarcasm
"Entonces tendrías a la madre, los cuatro fetus morirán en su lugar. ",Not Hope,Sarcasm
¿Y la capacidad de digerir nylon no es una función nueva? ,Not Hope,Sarcasm
"Pensé que Dios les prohibía comer vacas muertas, ¿o era aves de corral? ",Not Hope,Sarcasm
"¿ah, de verdad? ",Not Hope,Sarcasm
"WW, ¿estás hablando contigo mismo?
",Not Hope,Sarcasm
"Entonces, usted apoya permitir que un UZI de 10 años y lo lleve a un tribunal federal o escuela siempre que no comete un delito? ",Not Hope,Sarcasm
¿Entonces su trabajo científico refutado? ,Not Hope,Sarcasm
"Si nuestros aliados de Ersthlle simplemente comenzaran a ver el mundo como realmente es con el mal sin imaginación ya que los nazis casi invaden toda Europa, sería un hombre feliz.",Hope,Sarcasm
"Si 2020 era una nariz, sería mía ����",Hope,Sarcasm
Usted y Omegawatsit son nosotros? ,Hope,Sarcasm
"Dime genio, ¿cómo estoy señalando con precisión y correctamente tu error que colude para dirigir mal a alguien? ",Not Hope,Sarcasm
"1984, ¿eh? ",Not Hope,Sarcasm
"@Matthewstadlen @sajidjavid muchas gracias por sus pensamientos perspicaces, estoy seguro de que @sajidjavid está encantado de que usted se guste de usted",Hope,Sarcasm
"Entonces, los creacionistas entre nosotros parecen estar diciendo que no hay pruebas para la evolución, ¿estoy en lo cierto? ",Not Hope,Sarcasm
"Como JP señaló, canadiense, y es mejor que creas que ""daré una vuelta"" a mis opiniones. 
",Not Hope,Sarcasm
"<Shush> ¿Tu propia fuente dijo que hay un acantilado a una milla y media de distancia, y soy el mentiroso? ",Not Hope,Sarcasm
@Geoffreybrock6 @revrichardcoles ¿realmente crees eso? ,Not Hope,Sarcasm
"Querida Lisa, quiero decirte que estás caliente. ",Hope,Sarcasm
No tengo un comentario. ,Hope,Sarcasm
Gracias. ,Hope,Sarcasm
"Entonces el SIDA es culpa de ""The Gays""? Emoticonxrolleyes 
",Not Hope,Sarcasm
"¡Creo que la decisión judicial en Nunn vs. Estado de Georgia hizo la mejor suma de este derecho! ""Sí, todos los liberales aman los casos judiciales volcados que nunca vieron la luz a través del proceso de apelaciones. Creo que Ohio y su constitución finalmente prevaleció y ahora llevan abiertos o ocultos.",Not Hope,Sarcasm
No puedes 'dejar caer' lo que nunca tuviste en primer lugar. ,Not Hope,Sarcasm
"¿Por qué la gente no quiere admitir que fue el gasto imprudente de Bush en una guerra que no necesitábamos? Los recortes de impuestos para el 2 % más rico de Estados Unidos, el hecho de que bajo Bush tuvieron que agregar espacio en el reloj de la deuda, sin mencionar que él era tan tonto como una roca, pero pueden colocar todo este culpa a Obama que heredó este lío y que nos ha hecho más para salir de él que Bush o cualquier republican habría hecho. ",Not Hope,Sarcasm
"Como un viejo aficionado a la ciencia ficción, siempre existe la solución de fertilizantes. ",Not Hope,Sarcasm
"No soy grande en el problema del aborto, pero ¿estás diciendo que alguien que no está de acuerdo contigo es sexista y arrogante? ",Not Hope,Sarcasm
"¡Oh, también, mi canción con mi novio de secundaria fue `` 143 '' por Bobby Brackins !! ",Not Hope,Sarcasm
"Breve, pero inútil.
",Not Hope,Sarcasm
"Por lo tanto, no importa que alguien muera en sus cuarenta años por el hambre y el frío porque no tienen hogar y sin dinero, mientras que otro vive en lujo con la mejor comida y medicamentos hasta los 80 años: ambos son iguales? ",Not Hope,Sarcasm
"Nunca pensé que diría esto, pero me he convertido en una de esas personas a las que les gustan los bares de recompensas.",Not Hope,Sarcasm
"Creo que si prestas atención, solo encontrarás personajes hetero en el Dr. Seuss. ",Not Hope,Sarcasm
"Estudios de 1955, 1961, 1964? ",Not Hope,Sarcasm
Creo que estamos viendo una guerra cultural. ,Not Hope,Sarcasm
"Bueno, supongo que tienes algo allí. ",Not Hope,Sarcasm
"No tengo un Lynx Africa para el día de Navidad de este año, conmocionado e indignado. ",Not Hope,Sarcasm
¿Alguien necesita un cuerpo para un sacrificio humano? ,Not Hope,Sarcasm
"Ese ""por fotón absorbido"" es el sorteo. ",Not Hope,Sarcasm
¿Alguna vez has visto esas caricaturas de Plympton? ,Not Hope,Sarcasm
"Te digo qué, mueve 100 Lightyears de la Tierra, ahora míralo con un telescopio. ",Not Hope,Sarcasm
"Entonces, ¿pedirías a la misericordia a los abusadores de niños, torturadores, asesinos en masa, Hitler, etc.? ",Not Hope,Sarcasm
"Hombre, ¿qué has estado olfateando? ",Not Hope,Sarcasm
¿No celebrarías que Osama esté fuera de escena? ,Not Hope,Sarcasm
"¡Uhhhh, acabo de decir que juzgo! ",Not Hope,Sarcasm
Me encanta cuando los homófobos heterosexuales nos dicen qué es ser gay. ,Not Hope,Sarcasm
"Entonces, si salgo y compro un automóvil de la marca X y luego me arrepiento un año después, ¿eso significa que a nadie se le debería permitir salir y comprar un automóvil de marca X? ",Not Hope,Sarcasm
Usando mis habilidades de edición de video recientemente adquiridas en mí para variar. ,Not Hope,Sarcasm
"Sabes, tú y Saddam pueden tener más en común de lo que podrías haber pensado.   ",Not Hope,Sarcasm
"Bueno, en realidad, no he visto su punto de vista expresado en ningún lado, excepto en estos foros. ",Not Hope,Sarcasm
"Bienvenido a Creationistland, donde las reacciones químicas no pueden explicarse o predecir a menos que sepamos el origen de los átomos involucrados. ",Not Hope,Sarcasm
"Aquí hay un hecho de que no tiene que gustarle: 
",Not Hope,Sarcasm
Acabo de dislocar mi maldita rodilla nuevamente mientras salía de una caminata ������������ Fab,Not Hope,Sarcasm
Yo no aparecer al trabajo es un movimiento feminista en realidad,Not Hope,Sarcasm
Tengo muchas ganas de no abrazar a mis amigos y familiares a través de elección en lugar de por ley.,Hope,Sarcasm
JAJAJA. ,Hope,Sarcasm
Tu Dios no ve ningún grado de pecados. ,Not Hope,Sarcasm
mirar. ,Not Hope,Sarcasm
"¿Cuántas veces han estado haciendo los ""evangélicos"" tan preocupados ""por lo que están haciendo los niños homosexuales y los padres homosexuales?
",Not Hope,Sarcasm
"Usted es el que confunde el sexo de un niño con naturaleza sexual.
",Hope,Sarcasm
Oh Dios mío. ,Hope,Sarcasm
Bien. ,Not Hope,Sarcasm
"@Danielingolfur @the_timbrodini @viqueen55 @tedcruz lo sé, ¿verdad? ",Not Hope,Sarcasm
¿Qué tan poco interesante debe ser para usted pasar intencionalmente tiempo molestando a las personas en Internet?,Not Hope,Sarcasm
¿Me dices que algún día podría hacer que las garras salgan de mis manos? ........ ¡Dulce!,Hope,Sarcasm
Esa es una de las cosas más tontas que he escuchado. ,Not Hope,Sarcasm
"Escúchame ... La letra en ""Coney Island"" debería haber sido ""perdida nuevamente sin sorpresas, las decepciones cierran tus ojos"" 

",Hope,Sarcasm
Y simplemente no puede confiar en lo que escucha en MTV o en la radio. ,Not Hope,Sarcasm
La inanidad en defensa de las armas continúa sin cesar. ,Not Hope,Sarcasm
¿Crees que cuando un hombre blanco de mediana edad va a comprar un F150 nuevo y elevado que verifica para asegurarse de que su pene sea increíblemente pequeño? ,Not Hope,Sarcasm
Salí afuera hoy y de repente mi depresión se cura,Not Hope,Sarcasm
Y las apelaciones emocionales irracionales rara vez se mantienen frente a la lógica,Not Hope,Sarcasm
Toda la ciencia es provisional. ,Not Hope,Sarcasm
"Realmente es triste cuando un oponente es más amigable que un aliado, mega. ",Not Hope,Sarcasm
"Si miras #TheCrown y no diste simultáneamente a la familia real, ¿miraste la corona?",Not Hope,Sarcasm
"Una vez más, ¿muestran nuestras palabras exactas donde decimos que debería negar sus argumentos contra el matrimonio entre personas del mismo sexo? ",Not Hope,Sarcasm
"Entonces te equivocas, de una manera general! ",Not Hope,Sarcasm
"Entonces, ¿pasas todos tus días como un shill de Obama? ",Hope,Sarcasm
"Si todas las mujeres abortaron cada embarazo, ¿habría bebés? ",Hope,Sarcasm
Vea a Simone Sweetie de lo que he estado hablando. ,Not Hope,Sarcasm
"Llegan la vieja respuesta de 'Dios lo hizo así': la ignorancia es la dicha y hace que la vida sea mucho más simple, ¿no crees?  ",Not Hope,Sarcasm
"Simplemente imprima tus propias publicaciones, mi querido James. ",Hope,Sarcasm
Es una lástima que olvidé cómo jugar mi clarinete tan cerca de mi recital,Not Hope,Sarcasm
No entiendes las palabras; ,Not Hope,Sarcasm
"Entonces, ¿ser fácil de saber lo hace bueno? ",Not Hope,Sarcasm
"De la misma manera que la mayoría de las personas en el planeta Tierra no le dan a un xxxx sobre el ""fútbol"" estadounidense",Not Hope,Sarcasm
"Qué maduro: todas las gorras gritan y se están dando cuenta.
",Not Hope,Sarcasm
No es cierto. ,Hope,Sarcasm
"¡Vaya, todo el mundo solo está sacudiendo en sus botas que tu dios imaginario los magia de la tierra! ",Hope,Sarcasm
Veo que has conocido a mi acosador. ,Not Hope,Sarcasm
"Y pensar que casi teníamos cura para el cáncer, solo vencer a los espíritus damónicos.",Hope,Sarcasm
No hay una mejor manera de despertarse que hacer que un perro salte directamente sobre el estómago y te quite el viento mientras el otro deja caer un roedor muerto en el extremo de la cama. ,Not Hope,Sarcasm
"Jack Antonoff una vez que terminaste con Clairo, estoy aquí, cariño",Hope,Sarcasm
"Oh sí, lo olvidé, el gobierno está dispuesto a conseguirte. ",Not Hope,Sarcasm
Tus vistas extremistas están surgiendo. ,Hope,Sarcasm
Fui a ver el BIOS de los (exclusivamente) tipos hipster que funcionan en una tienda de bienes boutique rivales y descubrieron que todos viajaron internacionalmente durante la pandemia ``������������������������������������������������������������������������������������,Not Hope,Sarcasm
"Este en particular, formulado como es, bien podría fallar. ",Hope,Sarcasm
"Cuando pienso en las grandes mentes de la literatura, Ann Coulter ciertamente no está en la parte superior de mi lista. ",Hope,Sarcasm
Así que estoy pensando que no pasará mucho tiempo antes de que vea que tu trasero se mueva a Nueva Inglaterra ... ¡búscame cuando llegues aquí!,Hope,Sarcasm
"Entonces eres sincero, pero yo soy un mentiroso. ",Not Hope,Sarcasm
¡Estoy sorprendido! ,Not Hope,Sarcasm
Una historia ligeramente anterior muestra que Clinton no estaba tan preocupado por Bin Laden. ,Not Hope,Sarcasm
Está bien. ,Not Hope,Sarcasm
"""Ese es tu problema, eres un Putz santónico que piensa que, debido a que dices algo, debe ser aceptado automáticamente como el evangelio por alguna razón, sin apoyar nada que digas con evidencia real"". 
",Not Hope,Sarcasm
Solo metió toda mi mano en un horno caliente sin pensar en las consecuencias. ,Not Hope,Sarcasm
"¿Podría evitar su uso constante de las falacias de Strawman, por favor?",Not Hope,Sarcasm
¿Qué publicación crees que demuestra con mayor precisión la ética de Archie? ,Not Hope,Sarcasm
Amo un buen llanto �������,Hope,Sarcasm
Un poco grosero de mi estómago para que todavía haga ruidos de ballenas después de haberle dado una barra de proteína completa,Not Hope,Sarcasm
¿Qué tal una universidad suiza? ,Not Hope,Sarcasm
"Sí, diría que estás equivocado. ",Not Hope,Sarcasm
"Caramba, estoy lanzado por tu contraargumento maduro y articulado. Emoticonxrolleyes Todos sabemos que los genitales no tienen nada que ver con el sexo.",Not Hope,Sarcasm
Sospecho que muchos monitores y teclados se limpiaron en ese. ,Not Hope,Sarcasm
¡¡¡¡¡¡¡¡¡¡¡¡¡¡¡¡¡¡¡¡¡¡¡¡¡¡¡¡¡¡¡¡¡¡¡¡¡¡¡¡¡¡¡¡¡¡¡.Us ,Not Hope,Sarcasm
"Eso no es evolución, eso es la abiogénesis.   ",Not Hope,Sarcasm
"Entonces, ¿qué estás proponiendo? ",Not Hope,Sarcasm
No dije que pensé que eso sería poner palabras en mi boca. ,Not Hope,Sarcasm
Dijiste que no había un grupo proabortista antes de Roe V Wade. ,Not Hope,Sarcasm
"De la misma manera, para la mujer le disparó al chico, no cuando estaba en la ducha, pero después y ¿de qué sirve le hizo?   ",Not Hope,Sarcasm
¿Cómo está demostrando que cuando ha hecho todo lo posible para ignorar sus fallas?  ,Not Hope,Sarcasm
¿Alguna idea sobre cuándo sucederá esto? ,Not Hope,Sarcasm
"El culo para niños pequeños roció todo el inodoro, espero que te agaches y te muerdas muy fuerte. ",Hope,Sarcasm
@Mollyjongfast Creo que debería permitirse que los trabajadores de servicio al cliente se metan el agua en la cara como a veces para entrenar a las mascotas,Not Hope,Sarcasm
"Debido a su pregunta ""cuál es su definición de puro"", ahora sé cómo hacer jabón. ",Not Hope,Sarcasm
"Totales de presupuesto
",Not Hope,Sarcasm
Cuando crezca quiero ser un sociópata,Not Hope,Sarcasm
"Cualquiera que hable inglés bien podría ser ilegal del Reino Unido, ¿verdad? ",Not Hope,Sarcasm
Supongo que puedes demostrar que todos los que se oponen o critican los derechos de los homosexuales están atacando personalmente a un individuo o grupo. ,Not Hope,Sarcasm
@c_j_mcburney sospecha que todavía hay espacio para ti en el suelo,Not Hope,Sarcasm
"Entonces, para estar en contra del matrimonio homosexual, ¿una persona tiene que ser fiel en su propio matrimonio? ",Not Hope,Sarcasm
"¿Mencioné el sexo heterosexual prematrimonial o adúltero?
",Not Hope,Sarcasm
James Harden puede viajar cada vez que conduce aparentemente,Not Hope,Sarcasm
Tengo mucho chico que lloró vibraciones de lobo de la Cruz Roja y su escasez de sangre de emergencia todo el tiempo,Not Hope,Sarcasm
"[CITA = IANGB; 386379] En realidad, estaba hablando de que contradices la importancia de las estadísticas de DC como ""contrarias a su agenda"", por lo que preferirías desviarte en otro lugar. [CITA] No hay estadísticas de DC en esta Junta. ",Not Hope,Sarcasm
"Todos son bienvenidos a dar su opinión sobre la posesión de armas públicas aquí, ya sea que esté a favor o en contra del control de armas (o la posesión de armas se justifica) y por favor indique las razones también. ",Not Hope,Sarcasm
Embarazada y constantemente anhele kitkats. ,Not Hope,Sarcasm
"@KaGune_kun Tweet despreciable, mi Liege",Not Hope,Sarcasm
"Sí, estoy seguro de que amas el capitalismo desenfrenado, lo hacen las personas crueles centradas. ",Not Hope,Sarcasm
"Bueno, si eres católico, probablemente deberías encontrarlo bastante creíble.",Not Hope,Sarcasm
"Hola a los tres seguidores, este es mi gran regreso a Twitter",Hope,Sarcasm
"No solo todos están de acuerdo, lo que me asusta lo suficiente, sino que Parcum incluso está de acuerdo conmigo. ",Not Hope,Sarcasm
@igreen95 Thx para la obra de teatro,Not Hope,Sarcasm
Usar Bush como 180 Compass está bien para mí.,Not Hope,Sarcasm
"Los países islámicos tienen leyes extremadamente sexistas contra las mujeres en un país islámico, las mujeres pueden ser ejecutadas por cualquiera de las siguientes ofensas caminar sin una escolta masculina, conducir, ser violado, usar el baño sin permiso, ser visto en público con un hombre que no sea su esposo, obtener una educación o incluso tener un trabajo, no crea que busque la ley de Sharea, puedo haberlo maltratado eso, pero maldita sea. ",Not Hope,Sarcasm
"¿Cómo sabes Bush? Dejemos que Cheney dirige el gobierno ... Oh, sí, es cierto, te dijo CNN/CBS. ",Not Hope,Sarcasm
Creo que estás muy equivocado. No soy republicano. ,Not Hope,Sarcasm
"Y también no fue la opinión universal de que la homosexualidad es antinatural, incorrecta y sin beneficio para la sociedad en absoluto.",Not Hope,Sarcasm
Me encanta vivir en una sociedad capitalista donde espero tener una cirugía en la que estoy legítimo obtener una parte del cuerpo interno eliminado porque significa que obtendré unos días libres del trabajo xoxo,Hope,Sarcasm
"HA.A.A.A: P emoticonxgood bueno, Sinjin.
",Not Hope,Sarcasm
"Bueno, eso es decepcionante.   ",Hope,Sarcasm
"Oh, si solo tuviéramos las prohibiciones de armas civiles absolutas requeridas, ¡cosas enfermas como esta nunca sucedería! ",Hope,Sarcasm
"Cualquiera que hable inglés bien podría ser ilegal del Reino Unido, ¿verdad? 
",Not Hope,Sarcasm
¡Tenga en cuenta la palabra llamadas! ,Hope,Sarcasm
Es eso o es un tenor frustrado para el coro de Viena Boys. ,Not Hope,Sarcasm
"Mira, un ataque terrorista es probablemente el tipo de cosas que usaría como una excusa para no ir a trabajar ...",Not Hope,Sarcasm
"No, es pertinente para el comportamiento de algunos hominiosos. ",Not Hope,Sarcasm
¿Realmente lo leíste? ,Not Hope,Sarcasm
"No más venenoso que el alcohol (en realidad mucho menos), ¿deberíamos comenzar a atar eso con strychnine? ",Not Hope,Sarcasm
"Si fueran las mujeres liberales las que eran chicas, valdría la pena discutir por aquí ahora. ",Not Hope,Sarcasm
¿Qué pasa con Dios? ,Not Hope,Sarcasm
"Empleador: Entonces, ¿cuáles son sus fortalezas?
",Not Hope,Sarcasm
"¿Por qué quieren amenazarnos?
",Not Hope,Sarcasm
"Jajajajajajáhahahahahhaahhahahahahahahah
",Not Hope,Sarcasm
"Justínricado, no me sorprende que hayas cortado y pegado un comentario fuera de contexto para hacer un punto. ",Not Hope,Sarcasm
"Bueno, el Anticristo vendrá y hará que cualquier verdadero creyente sea un hereje de cualquier manera, ¿qué me preocupa? ",Not Hope,Sarcasm
"Cuando un conductor de entrega de correo del Reino Unido le roba su entrega @apple y la policía sabe quién es, pero todavía no me toman en serio",Not Hope,Sarcasm
"Mientras tanto, Klalifornia está incumpliendo su deuda y dinero que han tomado prestado. ",Hope,Sarcasm
"Tienes algunos buenos puntos pero mucho galimatías también, pero olvidaste decir por qué sientes eso ?????? ",Not Hope,Sarcasm
Woo Hoo. ¿Entonces la principal industria del entretenimiento de la corriente que nos trajo tan gran talento como Brittney Spears no considera esta película The Cats Meow? ,Not Hope,Sarcasm
Tal vez lo quería de una fuente que valiera la pena mirar,Hope,Sarcasm
¿saludos? ,Hope,Sarcasm
"Bueno, ¿por qué los médicos que intentan 2 también prueban las células Embyonic? ",Not Hope,Sarcasm
¿Quizás deberías fumar mucho menos crack? ,Not Hope,Sarcasm
"Sí, está bien, manténgase al día con tu Therory ""creacionista"" y me apegaré a mi idea mucho más creíble de ""evolución"". ",Not Hope,Sarcasm
Debo decir que eres un adicto bastante espeluznante. ,Not Hope,Sarcasm
"Oh, perdóname la condena ya 'xxxx-hard. ",Not Hope,Sarcasm
¿Qué pasa con todos los óvulos que no estaban fertilizados? ,Not Hope,Sarcasm
No. ,Not Hope,Sarcasm
Guau.   ,Not Hope,Sarcasm
Manera perfecta de terminar un @SunceTryAir Deley de más de 2 horas: quedar atascado en la alza en @mspairport esperando ir a una puerta durante casi una hora `` ',Hope,Sarcasm
"Estoy de acuerdo, que descanse en paz. ",Not Hope,Sarcasm
"Wow, es casi como si no tomáramos una siesta todos los días al mismo tiempo, ¡cómo me atrevo a hacer lo que hacemos todos los días!",Not Hope,Sarcasm
"Y negarse a donar sus recursos es matar, así que he matado a alguien al no donar mi sangre, etc.",Not Hope,Sarcasm
"Proyección, nuevamente ... Estoy asombrado de que no puedas reconocer la cantidad que lo haces ...",Not Hope,Sarcasm
"Sí, eso sería fantástico si volvieran ... y mataron a decenas de millones más de gente. ",Hope,Sarcasm
Justo como predije. ,Not Hope,Sarcasm
¿Nacido de nuevo? ,Not Hope,Sarcasm
"No, estás publicando tu propio BS ... y solo te haces ver más estúpido de lo que eres ... si eso es posible ...
",Not Hope,Sarcasm
Se le pidió que nos diera su explicación de la evolución. ,Not Hope,Sarcasm
No tienen baños allí. ,Not Hope,Sarcasm
"Si era francesa, entonces probablemente era guapo, y definitivamente no es gorda, ya que las mujeres francesas gordas no existen. ",Not Hope,Sarcasm
"Sí, ok Archie. ",Not Hope,Sarcasm
"Estimado hipócrita, ¿desea ser un póster competente y responder a preguntas y solicitudes? ",Not Hope,Sarcasm
¿Cuántas bombillas se necesitan para atornillar una bombilla? ,Not Hope,Sarcasm
"Oye, aquí hay una idea loca ... ¿qué tal alguna evidencia para apoyar el creacionismo, Ray? ",Not Hope,Sarcasm
"Observo el en negrita, pero la razón es tan inescrutable como la forma peculiar de lo que parece ser el inglés que se usa.",Not Hope,Sarcasm
"Espera, ¿ser intimidado es infringir tus derechos? ",Not Hope,Sarcasm
"Eso es bueno, pero ¿alguna vez has pensado en leer el libro sagrado de tu propia religión para poder discutir de manera inteligente lo que dijeron Jesús y sus discípulos?",Not Hope,Sarcasm
Sus publicaciones se leen como Gibberish cuando no completa el pensamiento. ,Hope,Sarcasm
"Y eres el tipo que no puede estar preocupado con el álgebra, diciéndole a los tipos que han leído en el cálculo que no entienden ...
",Not Hope,Sarcasm
Una carga de Unowhat se repitió durante muchos años. ,Not Hope,Sarcasm
"Claro Justine, al igual que todas esas parejas homosexuales que esperaron hasta que su estado reconoció el matrimonio gay para casarse en la televisión. ",Not Hope,Sarcasm
"Bueno, si algún día tienes una respuesta real, siéntete libre de publicarla.
",Not Hope,Sarcasm
¿Y cómo es eso? ,Not Hope,Sarcasm
"Punto tomado, sin embargo, ya que le gusta infligir dicho dolor en sí mismo, ¿qué puedes hacer? Creo que le gusta. Emoticonxhoho",Not Hope,Sarcasm
¿Por qué tienes miedo a las armas? ,Not Hope,Sarcasm
"Sí, suprimir el comportamiento natural siempre es el camino a seguir. ",Not Hope,Sarcasm
"Lo mismo podría decirse de ti ... El pequeño Jimmy está torturando a los animales pequeños, pero no te preocupes. ",Not Hope,Sarcasm
"Enviándome un homenaje, por supuesto. ",Hope,Sarcasm
"Y con tu actitud actual y aquellos como tú, perderás de nuevo .......... Oye, me encanta ............ sigue con el buen trabajo ...
",Not Hope,Sarcasm
¿Olvidaste la otra parte de la analogía? ,Not Hope,Sarcasm
"La idea no es un montón de toro, pero nuestra implementación de ella deja mucho que desear. ",Hope,Sarcasm
¡Hola Archie! ,Not Hope,Sarcasm
¿Por qué pensarías un concepto tan absurdo? ,Not Hope,Sarcasm
"Cariño, si cada persona gay fuera tan rica como Mary Cheney, podríamos reírnos hasta el banco e ignorar el prejuicio en la sociedad como lo hace. ",Not Hope,Sarcasm
Veo. ,Not Hope,Sarcasm
"""Se les ocurrirán cientos, a veces incluso miles de productos relacionados con la homosexualidad [y la promoción de] la agenda de la comunidad homosexual"", dijo Sharp a la publicación Christian Agape "". ",Not Hope,Sarcasm
Déjame ayudarte con eso. ,Not Hope,Sarcasm
"Entonces, ¿qué tiene esto que ver con el tema? ",Not Hope,Sarcasm
"Estoy literalmente aquí intercambiando huevos por papas

",Hope,Sarcasm
¡Habla del diablo! ,Not Hope,Sarcasm
Mejor volver a los medicamentos. ,Not Hope,Sarcasm
¿Cómo pueden no solo amarnos en Irak? ,Not Hope,Sarcasm
Solo un presidente tan fuerte y decisivo como @realDonaldtrump obligaría a la FDA a estar bien un medicamento incluso antes de que estén los resultados del ensayo clínico. ,Not Hope,Sarcasm
"Oh, ¿entonces los dueños de negocios no hacen contribuciones 'reales' a la sociedad? ",Not Hope,Sarcasm
¿Te refieres a los malcontentes criados? ,Not Hope,Sarcasm
"Algunas personas solo necesitan matar ', ¡eso suena fantástico!",Hope,Sarcasm
¿Realmente leíste todo eso? ,Hope,Sarcasm
Pensando en cómo nadie está obsesionado conmigo.,Not Hope,Sarcasm
"Dios mío, tan cierto !!! ",Not Hope,Sarcasm
Qué lamentable cita. ,Not Hope,Sarcasm
"¿Tienes un poco de queso con tu gemido, pavo?
",Not Hope,Sarcasm
¿Y si el estado decide mantener legal el aborto? ,Not Hope,Sarcasm
"Arrepiéntete, que te-llena a Cristo, golpeando gay radicen paganos ... bueno, ya vas a terminar en el pozo.",Not Hope,Sarcasm
De acuerdo con el derecho a sumergirse en el centro es el material dialéctico real,Not Hope,Sarcasm
"Me encanta cuando los cristianos dicen esto ... pagan quién, por qué, ¿de quién es el pecado? ",Not Hope,Sarcasm
Nombrar a mi hijo Onickolas en honor a mi amor por @nickiminaj,Hope,Sarcasm